id;delivery_notification_code;serial_box;invoice_number;contract_code;vendor_name;cont_no;entry_date;number_of_po;status;create_at;create_by;deleted_at;deleted_by
1;sans massive;scorpion outnumber;crossly finally;till;utter tight;plan;2026-09-24T05:51:32;4020;convalesce which;2026-09-24T21:30:43;purple amid bulky;2026-09-24T12:27:10;premise
2;lest;plus excepting;rightfully;scoop;naturally along who;quirkily slide;2026-09-24T19:44:02;24909;fooey;2026-09-25T01:12:35;huzzah ignorance;2026-09-25T04:47:46;warlike papa delicious
3;rapidly exotic;poorly summarise;and;sans including;which rowdy;incidentally bolster;2026-09-24T22:35:58;3242;lieu planula sad;2026-09-25T04:13:52;um broken cutlet;2026-09-25T02:36:27;so oof
4;wearily ugly afore;weakly unto;hearten aha tuber;swiftly lock;satirize;offensively atop;2026-09-24T10:35:33;4002;than;2026-09-24T18:09:55;psst instead;2026-09-24T19:22:20;effector so
5;exhaust knavishly pace;writhing regal;suffocate after;consequently indeed why;keel mutate ha;complication;2026-09-24T21:52:54;25145;impractical suitcase;2026-09-24T07:24:26;ugly;2026-09-24T08:23:55;abaft highly now
6;vivaciously aw instantly;rudely;boohoo;catch tennis;since;yuck syringe achieve;2026-09-24T08:07:07;3777;versus whose disappointment;2026-09-24T21:11:52;joint;2026-09-24T23:59:46;robust
7;minor behest stained;disloyal;likewise;enormously versus gadzooks;now;phooey;2026-09-24T09:52:09;18111;educated;2026-09-24T14:19:33;needily;2026-09-24T16:29:45;ascertain entire
8;provided meh;out generously yuck;hygienic woefully;pro;vanadyl;sarong uh-huh;2026-09-25T01:40:18;22411;while;2026-09-25T03:16:16;more hm;2026-09-24T06:56:35;rudely nor
9;gosh;legitimize huzzah neglected;labourer;striking publicize;know;quip worriedly;2026-09-24T14:47:03;22774;phooey whoa fortunately;2026-09-24T23:36:37;phooey prejudge;2026-09-24T06:21:07;communicate reassuringly
10;eyeglasses;known acquire tune-up;where if;strait;toothpick blah gosh;axe;2026-09-25T01:18:09;1233;what known;2026-09-25T03:33:04;modulo instead;2026-09-24T23:53:33;because
