id;serial_pallet;location_name;number_of_box;total_quantity;status;note;create_at;create_by;updated_at;updated_by
1;irresponsible;proofread partial;26924;24245;yet ultimately;eyeglasses angle;2026-09-24T19:23:10;pronoun imaginative;2026-09-24T16:37:27;rear
2;doubtfully;meh;17263;23689;woot besides soulful;supposing;2026-09-24T10:36:48;down via;2026-09-24T13:35:30;milky opposite till
3;scaly distinction record;bend round toward;13051;14295;when lest even;hubris until vaguely;2026-09-24T12:03:10;magnificent mathematics;2026-09-24T21:15:00;bid peaceful
4;deployment;psst cruelly tuba;30728;11267;concerning brood depart;strictly plus;2026-09-24T17:30:09;hoof ostrich;2026-09-24T09:59:17;unfortunately grass
5;happily hierarchy peninsula;dress duh;4533;28262;masquerade;under scuffle coolly;2026-09-24T07:16:56;blah boohoo;2026-09-25T02:10:17;educated
6;wholly obedient quaver;er lawmaker;907;16671;zowie overreact blah;mantua;2026-09-24T21:40:03;above;2026-09-24T23:14:18;carefree masquerade savour
7;schnitzel once what;rejigger;1348;19829;enroll greatly linseed;sans impolite until;2026-09-24T20:00:05;below;2026-09-24T08:56:44;lamp satirize
8;minus;submitter besmirch;29237;29517;pish wavy firm;amount acidly;2026-09-24T11:48:36;meanwhile gallivant;2026-09-24T06:58:08;scared round
9;psst before amongst;um ignorant decisive;17486;24302;before oddly;unwritten neatly round;2026-09-24T21:17:52;considering since brr;2026-09-24T23:11:00;boo qua buttery
10;entice crumble;for zowie skyline;15213;4311;baa;glider offensively;2026-09-24T17:23:53;soap flight analogy;2026-09-25T00:00:19;institute divert pocket-watch
