id;serial_pallet;reel_id_box;create_at;create_by
1;within webbed;pink hearten;2026-09-24T09:35:29;below deployment
2;fund minus leading;without eek;2026-09-25T03:51:18;expert lightly
3;knowledgeably keenly;the;2026-09-25T03:17:13;save wisely
4;around;merrily humble;2026-09-24T07:03:45;often phooey
5;furthermore;sweet configuration without;2026-09-24T20:03:22;scoop phew enthusiastically
6;gah;thoroughly scent;2026-09-24T09:07:42;hm
7;but meh;platter phooey;2026-09-24T05:27:14;fatally opera settler
8;etch;boohoo statement;2026-09-24T11:48:12;surprisingly
9;affectionate technologist circ;ouch;2026-09-24T06:17:52;blah hm
10;harangue;yippee;2026-09-24T22:45:02;as wasteful
