id;line_num;base_ref;base_entry;base_line;line_status;item_code;dscription;quantity;ship_date;price;currency;disc_prcnt;total_sum_sy;open_sum_sys;invnt_sttus;base_doc_num;u_tenkythuat;u_so;u_m_code;doc_entry;total_frgn;vat_group;uom_code;unit_msr;line_vendor;trget_entry;line_total;vat_prcnt;price_af_vat;whs_code
1;supposing pro;flustered hoick drug;provided fall geez;strange when;troubled generally;pave;offset natural alongside;21334.76;2026-09-25T01:55:40;cap but like;until bah;sprinkles while even;accelerator resource;aha wherever;clamour why;engender never famously;uh-huh procrastinate;per lumbering;yum snowplow;now elegant;31810.54;aha off yum;never so alongside;about;volleyball uniform;separately;25591.37;26120.78;8527.22;timely modulo
2;affectionate fabricate fold;muddy habit;object;who teeming stale;sternly wherever;considering;near nor;16472.01;2026-09-24T14:02:32;generally calmly after;wallop inasmuch charter;lest;colossal dental dash;er;thump trek;after;haircut consign;atrium zowie aha;oh unimportant loosely;graft weird;20913.1;near;meh;thrifty glider;past tattered;instead yowza;26316.09;8112.03;3566.27;regularly better qua
3;pearl yahoo;mmm;yet upward repentant;ah whose;for;closely cannibalise pleasant;throughout antelope;16607.9;2026-09-25T03:32:13;while hm even;perky likewise like;noisily what;characterization equally unless;wash whose;worriedly rarely gee;artistic lock understanding;deflate;hm notwithstanding;formamide selfishly wafer;out;8263.59;engage when folklore;enrage;seagull gah;vain very skeleton;lest affectionate;11809.05;28685.83;29803.51;but
4;helpful reassuringly weakly;hope;colligate;ultimately;coaxingly for meanwhile;even ordinary;deck unscramble;17214.17;2026-09-24T18:04:40;unethically testing young;majestically next finally;slink cod;worth unrealistic mid;before;institute excluding;evenly;shady;vice economise;submitter yet supposing;once woeful sign;13415.32;neaten;ew outside;loftily ick;coolly;zowie obscure gracefully;21809.99;7941.89;27666.99;horde bleak superior
5;expert unwilling;uh-huh loftily when;before to;hmph coolly;naturally;team yahoo separate;clueless;14383.79;2026-09-25T00:16:33;ugh;intermarry;excellent;bah before;astride impact;ruddy metabolite;which yum;detective tightly welcome;hmph worthless;toward like how;during sonata;25868.22;fill governance;deed pfft;since yippee daintily;tectonics yearly;pro;18643.71;14674.24;17551.25;sequester graceful
6;noisily;and;among reboot although;pecan strictly mediocre;above;meh;between orient lender;20255.78;2026-09-24T08:54:52;yahoo;besides hot;these;paltry;shinny ha;pfft;till;duh abaft however;commemorate off;cash in;reassemble;32528.38;secret which gosh;even lobotomise;weight;seldom;outsource so angrily;31721.07;9165.19;27588.91;coagulate unearth opposite
7;given before;beret;ingratiate;barring;hmph;dazzling ultimately;gadzooks;18654.59;2026-09-24T07:00:22;what integer;gerbil wrongly;gloss atop;at table;sell;deduce;until old kosher;terribly;coolly yowza as;phony tenant;reopen;15654.99;toward partial;fortunate;acknowledge;readily beside happy-go-lucky;gracefully;21474.76;154.88;25792.86;backbone duh
8;mockingly cuddly plus;whereas;yowza;cycle worth;freely black-and-white;promptly negligible quickly;determined worth;8044.67;2026-09-24T14:13:43;exploration peony;apud;per tightly;cross-contamination;guilt acknowledge faithfully;drat pro breastplate;gosh although though;helplessly veto;nearly;blushing;fiercely defensive;982.77;presume meh including;phooey;when er;phooey gust cutlet;millet evince;19599.61;23306.62;13435.21;dependable
9;before left;hollow until carefully;omelet aside;inhibit following;atop ha gracious;oh yowza quizzically;bitterly near needily;5599.59;2026-09-24T08:59:12;towards phooey;restfully but;indeed;coast regarding transparency;righteously flowery baptise;astride;sonata suitcase writ;infatuated wherever pluck;beneath even;inasmuch powerful;times cauliflower;19927.5;fail qua mom;second-hand squid account;misjudge;less orientate over;edge sticky;27622.42;25629.42;27343.31;staid likewise
10;bowling stealthily;yet accidentally;while sedately deer;athwart unnecessarily;jeopardise quietly;um leading;palate or enormously;8567.53;2026-09-24T15:19:54;if notwithstanding gracious;hairy;though stunning;nor incidentally mostly;grass amused um;tenement phew where;hoick save heartfelt;but thoroughly phew;even;gee sweetly;why;22645.89;when embalm similar;sternly fooey utilization;ack;oh wolf;strong yet;26817.28;30829.92;24881.04;ocelot jovially
