id;reel_id;part_number;vendor;lot;user_data_1;user_data_2;user_data_3;user_data_4;user_data_5;initial_quantity;msd_level;msd_initial_floor_time;msd_bag_seal_date;market_usage;quantity_override;shelf_time;sp_material_name;warning_limit;maximum_limit;comments;warmup_time;storage_unit;sub_storage_unit;location_override;expiration_date;manufacturing_date;part_class;sap_code;vendor_qr_code;status;created_by;created_at;updated_by;updated_at;vendor_additional_data;pana_send_status;sap_send_status
1;shy queasily bah;optimal crafty;intrigue obedience;instead agreeable kissingly;considering worth hu;pish;shark;curse out;stealthily illiterat;10571;whose;or;below cannon;gestate always;8434;rosin briefly;um;keel scaffold;stint sarcastic but;lively;naturally minus inst;petticoat;consequently loosely;lock;triumphantly mocking;glaring;shimmering;clear-cut beside;../fake-data/blob/hipster.txt;casement so phooey;on youthfully memori;2026-09-24T13:59:44;sweetly;2026-09-24T19:44:14;amused since;false;true
2;yieldingly astride ugh;solace;numeracy gee mysteri;phony;athwart fooey;following sonata;skeletal expense;unless usefully howe;exonerate versus;4375;gosh until gosh;unibody;ravioli;hawk yahoo save;15012;ick ack past;instead;alongside quit pish;finally so actually;concerning oof synergy;deliquesce aha outsi;sharply;lovingly lazily;pointed;restructure where;gulp;storyboard;multicolored;../fake-data/blob/hipster.txt;over gadzooks;eyebrow helpfully;2026-09-25T02:55:15;hygienic unearth;2026-09-24T19:05:55;amidst meh;false;true
3;fail;aha;pace;drat considering and;extremely frivolous ;woot earnest sushi;after beautifully um;pace;more loosely how;13884;enlightened vein exc;redesign provision w;oh amidst;oof aw to;3597;wetly;geez cluttered;lean;orange gruesome upwa;season;nucleotidase;even daintily;specific when till;than;labourer;huzzah cemetery dedu;huzzah;inside;../fake-data/blob/hipster.txt;scented inhibit;fooey er gee;2026-09-24T18:00:49;variable;2026-09-25T01:24:13;acidic aching yet;false;false
4;minty clonk strictly;sheathe whenever gah;mentor mmm sans;a eventually abaft;enraged wilted;monstrous;yuck;cripple meanwhile bl;merit questioningly ;31070;relieve;mutate;yahoo solidly yum;huzzah;29087;mealy provision;consequently rosemary whup;whose;per;duh eek consequently;roadway;edge own hm;and rubric;meanwhile yesterday;aha gifted;successfully;quash likewise selfi;slowly why;../fake-data/blob/hipster.txt;considering deficient;um;2026-09-24T15:48:47;quietly aw;2026-09-24T18:50:04;soggy;true;true
5;which after overload;napkin incidentally spew;ew;ick;despite fooey how;yahoo weep;store humor;joshingly into yak;down;23806;off degenerate;or;provision fooey;closed;23050;marimba blah;reluctantly;inconsequential er;violently sternly;forenenst quip what;always midst;fledgling over;worth meanwhile weir;warp thankfully furt;separately hence;depend;next retention;igloo;../fake-data/blob/hipster.txt;anxiously;hidden;2026-09-24T09:49:16;pulse quick-witted a;2026-09-24T18:24:24;snarling;true;false
6;after maestro;upbeat;solace geez;the alarmed;wicked;inquisitively nor downchange;once yowza hastily;apropos how;amid boastfully surp;16873;on minus;aboard divine;supposing engender;psst;27186;yowza blah consequen;eek;hm odd tooth;er whether drat;plait physically;pish vainly;rudely violently;recommendation surpr;aha;mysteriously potenti;redress tabletop;angle account exempt;amongst cautiously;../fake-data/blob/hipster.txt;abscond;though fast before;2026-09-24T16:34:33;aw punctually;2026-09-24T16:36:36;neighboring;true;false
7;react;ha;accelerator;than barring yawningly;wiggly trek where;till cripple psst;unsung;curly annually ha;that;31547;unabashedly idealist;stiff concerning;mockingly testify as;bare uh-huh slide;24290;indeed coaxingly abn;begonia;trustworthy softly;or source whoa;connect fond;boo actual gladly;thyme;aboard solder;decide;the;although per;teammate yippee if;bulky ew;../fake-data/blob/hipster.txt;mooch though;lest individual opti;2026-09-24T18:09:11;sediment misspend;2026-09-24T14:02:35;stingy;true;true
8;ouch community;huzzah warmly;aw meanwhile quaff;repentant;since;pastel courageously;swine horn reboot;glimmer rejoin;husk accelerator bet;12641;team;but;recede lifestyle fre;instead provision co;28215;co-producer complica;curse settler soup;duh equally mytholog;evince earth beneath;oddly;meanwhile;mallard so poetry;before;flawless until drat;wrongly;pear monocle;efface jot;pile ravage;../fake-data/blob/hipster.txt;till yet spellcheck;justly when;2026-09-24T15:58:58;now defendant;2026-09-25T00:56:09;barring kick;false;false
9;round solidly about;secularize;fuel worth e-mail;aching;pfft scaly;though longingly even;ah joyously;anticodon fooey;swine;18381;because triumphantly;unlike account elast;kick;every;28771;twine considering;kaleidoscopic;furiously giggle spa;attest cleave;nautical ha;unlucky;ill;phew airport;aha through;amid;apud;if ew;ha during indeed;../fake-data/blob/hipster.txt;pleasing accredit;straw;2026-09-24T09:05:41;apud aside oof;2026-09-24T09:32:27;gadzooks;false;false
10;ack yippee lasting;never;nudge inasmuch;aha qualified;aw;bah;toothpick astride;sup joshingly other;grounded question;24333;fuzzy;hm chime;solidly toady;nicely up antagonize;15209;kooky;save;furiously duffel oh;bah murky prioritize;skeletal blaspheme;yippee;or tomography unique;runny vivaciously;stormy ice-cream tho;bump;insignificant unwill;wallaby concrete;over clean vainly;../fake-data/blob/hipster.txt;adult always uh-huh;pleased before extro;2026-09-24T08:50:24;easy;2026-09-24T14:32:44;whenever;true;true
